timestamp,open,high,low,close,volume
1752700500000,"119901.16000000","119940.00000000","119724.00000000","119799.98000000","22.88949000"
1752700560000,"119799.98000000","119860.00000000","119778.07000000","119814.37000000","6.23937000"
1752700620000,"119814.87000000","119835.95000000","119789.93000000","119818.68000000","14.99739000"
1752700680000,"119818.67000000","119820.29000000","119745.66000000","119756.47000000","5.95388000"
1752700740000,"119756.46000000","119828.99000000","119756.46000000","119828.99000000","14.21984000"
1752700800000,"119828.98000000","119863.90000000","119828.98000000","119832.41000000","13.24325000"
1752700860000,"119832.41000000","119836.27000000","119789.54000000","119789.55000000","8.72180000"
1752700920000,"119789.54000000","119820.01000000","119761.69000000","119820.00000000","9.63673000"
1752700980000,"119820.00000000","119872.10000000","119807.59000000","119871.64000000","21.34025000"
1752701040000,"119871.64000000","119871.97000000","119817.69000000","119871.97000000","20.13355000"
1752701100000,"119871.96000000","119871.97000000","119852.24000000","119852.25000000","3.81344000"
1752701160000,"119852.25000000","119875.29000000","119826.03000000","119875.28000000","21.49350000"
1752701220000,"119875.29000000","119895.92000000","119842.50000000","119881.63000000","30.21446000"
1752701280000,"119881.63000000","119954.14000000","119881.63000000","119940.78000000","12.51059000"
1752701340000,"119940.79000000","119940.79000000","119940.78000000","119940.78000000","2.39211000"
1752701400000,"119940.78000000","119950.15000000","119913.67000000","119934.04000000","16.15093000"
1752701460000,"119934.04000000","119934.05000000","119864.17000000","119898.99000000","6.28157000"
1752701520000,"119898.99000000","119902.85000000","119804.07000000","119836.19000000","6.47622000"
1752701580000,"119836.18000000","119836.19000000","119788.50000000","119794.49000000","12.33088000"
1752701640000,"119794.50000000","119800.00000000","119735.49000000","119748.01000000","49.30300000"
1752701700000,"119748.01000000","119779.99000000","119677.69000000","119677.69000000","43.89440000"
1752701760000,"119677.70000000","119688.95000000","119620.00000000","119625.99000000","46.93073000"
1752701820000,"119625.99000000","119658.80000000","119531.94000000","119547.43000000","30.37511000"
1752701880000,"119547.43000000","119588.04000000","119495.92000000","119588.03000000","61.90038000"
1752701940000,"119588.03000000","119640.22000000","119588.03000000","119628.52000000","6.75785000"
1752702000000,"119628.51000000","119628.51000000","119593.39000000","119620.90000000","4.78951000"
1752702060000,"119620.90000000","119649.82000000","119559.98000000","119598.33000000","32.54317000"
1752702120000,"119598.34000000","119641.86000000","119563.54000000","119563.54000000","12.16038000"
1752702180000,"119563.54000000","119563.55000000","119400.01000000","119428.54000000","15.01104000"
1752702240000,"119428.54000000","119447.00000000","119386.41000000","119391.03000000","24.29161000"
1752702300000,"119391.03000000","119441.05000000","119391.03000000","119427.46000000","10.41602000"
1752702360000,"119427.46000000","119464.76000000","119427.45000000","119464.76000000","15.33090000"
1752702420000,"119464.89000000","119475.44000000","119463.21000000","119469.00000000","6.54959000"
1752702480000,"119469.00000000","119476.16000000","119464.79000000","119464.80000000","3.11063000"
1752702540000,"119464.79000000","119486.25000000","119431.88000000","119486.25000000","40.40142000"
1752702600000,"119486.25000000","119506.92000000","119486.24000000","119506.92000000","23.04084000"
1752702660000,"119506.92000000","119506.92000000","119499.01000000","119506.76000000","6.31965000"
1752702720000,"119506.75000000","119517.18000000","119506.75000000","119517.18000000","2.89442000"
1752702780000,"119517.17000000","119517.18000000","119517.17000000","119517.18000000","2.56240000"
1752702840000,"119517.17000000","119528.85000000","119517.17000000","119528.84000000","19.56997000"
1752702900000,"119528.85000000","119528.85000000","119472.96000000","119472.97000000","6.37370000"
1752702960000,"119472.97000000","119482.42000000","119470.56000000","119470.56000000","25.35933000"
1752703020000,"119470.56000000","119470.57000000","119380.00000000","119390.00000000","8.85064000"
1752703080000,"119390.00000000","119390.00000000","119200.00000000","119266.99000000","26.53999000"
1752703140000,"119266.99000000","119297.65000000","119266.99000000","119297.64000000","15.09472000"
1752703200000,"119297.64000000","119441.35000000","119297.64000000","119441.35000000","11.28728000"
1752703260000,"119441.35000000","119442.35000000","119330.65000000","119342.15000000","15.81979000"
1752703320000,"119342.14000000","119430.34000000","119342.14000000","119412.01000000","11.14253000"
1752703380000,"119412.01000000","119412.01000000","119314.63000000","119350.90000000","12.14384000"
1752703440000,"119350.90000000","119350.91000000","119329.74000000","119329.75000000","4.76330000"
1752703500000,"119329.74000000","119345.89000000","119300.00000000","119326.35000000","10.59283000"
1752703560000,"119326.36000000","119342.62000000","119308.36000000","119308.37000000","5.06053000"
1752703620000,"119308.36000000","119308.37000000","119244.00000000","119244.00000000","6.64204000"
1752703680000,"119244.01000000","119270.96000000","119228.78000000","119228.79000000","16.80671000"
1752703740000,"119228.78000000","119232.64000000","119210.37000000","119232.63000000","5.40370000"
1752703800000,"119232.63000000","119291.77000000","119232.63000000","119291.77000000","5.42769000"
1752703860000,"119291.77000000","119310.97000000","119253.09000000","119279.98000000","7.08547000"
1752703920000,"119279.99000000","119360.03000000","119273.78000000","119360.03000000","5.44408000"
1752703980000,"119360.02000000","119360.02000000","119282.20000000","119282.20000000","17.22184000"
1752704040000,"119282.20000000","119328.02000000","119282.20000000","119328.00000000","30.13438000"
1752704100000,"119328.00000000","119335.65000000","119260.01000000","119260.01000000","27.10985000"
1752704160000,"119260.01000000","119345.62000000","119235.51000000","119345.61000000","27.28022000"
1752704220000,"119345.61000000","119415.21000000","119296.44000000","119415.21000000","17.45697000"
1752704280000,"119415.20000000","119488.00000000","119397.76000000","119397.76000000","7.98867000"
1752704340000,"119397.77000000","119427.66000000","119373.28000000","119427.66000000","6.11642000"
1752704400000,"119429.84000000","119500.00000000","119401.50000000","119401.51000000","9.92414000"
1752704460000,"119401.51000000","119415.21000000","119346.63000000","119415.20000000","28.53924000"
1752704520000,"119415.21000000","119415.21000000","119328.50000000","119328.50000000","24.08745000"
1752704580000,"119328.51000000","119365.17000000","119317.64000000","119359.93000000","29.45343000"
1752704640000,"119359.94000000","119367.90000000","119320.29000000","119350.99000000","32.37392000"
1752704700000,"119351.00000000","119351.00000000","119231.08000000","119231.08000000","26.61646000"
1752704760000,"119231.08000000","119258.47000000","119215.81000000","119258.46000000","27.36129000"
1752704820000,"119258.46000000","119258.47000000","119167.74000000","119193.86000000","33.99807000"
1752704880000,"119193.85000000","119208.64000000","119191.86000000","119200.00000000","31.77895000"
1752704940000,"119200.00000000","119218.86000000","119183.27000000","119183.28000000","27.65161000"
1752705000000,"119183.27000000","119247.49000000","119163.85000000","119247.48000000","27.76923000"
1752705060000,"119247.48000000","119247.49000000","119212.99000000","119213.05000000","29.75498000"
1752705120000,"119213.05000000","119213.06000000","119153.61000000","119153.62000000","26.62879000"
1752705180000,"119153.62000000","119170.26000000","119104.58000000","119104.59000000","15.08829000"
1752705240000,"119104.59000000","119119.78000000","119104.58000000","119114.00000000","6.79053000"
1752705300000,"119114.00000000","119118.28000000","119084.00000000","119118.28000000","8.45866000"
1752705360000,"119118.27000000","119132.42000000","119105.50000000","119105.50000000","5.92109000"
1752705420000,"119105.51000000","119105.51000000","119000.59000000","119000.59000000","7.95089000"
1752705480000,"119000.60000000","119012.00000000","118984.29000000","118984.29000000","8.12272000"
1752705540000,"118984.30000000","118990.89000000","118967.00000000","118988.30000000","10.12007000"
1752705600000,"118988.31000000","119013.49000000","118988.30000000","118998.53000000","2.58516000"
1752705660000,"118998.54000000","118998.54000000","118942.19000000","118944.74000000","19.65665000"
1752705720000,"118944.74000000","118953.37000000","118936.00000000","118953.36000000","4.35798000"
1752705780000,"118953.36000000","118953.37000000","118867.01000000","118935.58000000","18.39113000"
1752705840000,"118935.57000000","119013.48000000","118935.57000000","119013.47000000","11.74005000"
1752705900000,"119013.47000000","119013.48000000","118892.36000000","118892.36000000","11.62545000"
1752705960000,"118892.36000000","118892.37000000","118834.39000000","118834.40000000","17.48261000"
1752706020000,"118834.39000000","118834.40000000","118730.00000000","118730.01000000","19.43547000"
1752706080000,"118730.00000000","118730.01000000","118680.00000000","118693.99000000","17.72145000"
1752706140000,"118694.00000000","118700.00000000","118611.20000000","118617.12000000","9.16563000"
1752706200000,"118617.13000000","118699.21000000","118592.22000000","118678.83000000","14.26700000"
1752706260000,"118678.84000000","118678.84000000","118615.26000000","118630.44000000","8.87589000"
1752706320000,"118630.43000000","118679.17000000","118630.43000000","118679.16000000","2.75885000"
1752706380000,"118679.16000000","118713.91000000","118651.95000000","118713.91000000","4.18932000"
1752706440000,"118713.91000000","118722.16000000","118680.00000000","118693.76000000","8.40260000"
1752706500000,"118693.76000000","118700.00000000","118680.34000000","118680.34000000","15.75968000"
1752706560000,"118680.34000000","118713.65000000","118680.34000000","118682.15000000","4.33212000"
1752706620000,"118682.16000000","118691.15000000","118660.02000000","118660.02000000","16.55621000"
1752706680000,"118660.03000000","118660.03000000","118634.73000000","118649.74000000","2.79731000"
1752706740000,"118649.74000000","118650.75000000","118638.70000000","118639.34000000","14.54679000"
1752706800000,"118639.34000000","118667.57000000","118639.34000000","118646.56000000","4.87537000"
1752706860000,"118646.56000000","118646.56000000","118646.55000000","118646.56000000","0.64316000"
1752706920000,"118646.56000000","118646.56000000","118604.78000000","118620.01000000","3.83478000"
1752706980000,"118620.01000000","118635.52000000","118572.52000000","118580.51000000","9.47398000"
1752707040000,"118580.31000000","118580.32000000","118527.65000000","118527.65000000","9.30111000"
1752707100000,"118527.65000000","118582.50000000","118500.01000000","118571.58000000","13.10340000"
1752707160000,"118571.57000000","118627.55000000","118571.57000000","118605.99000000","10.49084000"
1752707220000,"118606.00000000","118606.00000000","118595.53000000","118605.98000000","3.69799000"
1752707280000,"118605.99000000","118618.36000000","118591.46000000","118618.35000000","5.15768000"
1752707340000,"118618.35000000","118618.35000000","118560.00000000","118560.01000000","2.72891000"
1752707400000,"118560.00000000","118560.01000000","118560.00000000","118560.01000000","0.51124000"
1752707460000,"118560.00000000","118564.13000000","118550.00000000","118564.12000000","2.82085000"
1752707520000,"118564.13000000","118564.13000000","118541.87000000","118552.78000000","5.29366000"
1752707580000,"118552.77000000","118574.48000000","118552.77000000","118574.48000000","2.47334000"
1752707640000,"118574.47000000","118585.37000000","118574.47000000","118585.37000000","1.34520000"
1752707700000,"118585.36000000","118585.37000000","118535.17000000","118535.17000000","4.14997000"
1752707760000,"118535.14000000","118535.14000000","118500.01000000","118512.56000000","4.84015000"
1752707820000,"118512.55000000","118514.46000000","118480.51000000","118484.67000000","25.92372000"
1752707880000,"118484.68000000","118484.68000000","118420.00000000","118420.01000000","9.82065000"
1752707940000,"118420.01000000","118430.01000000","118420.00000000","118420.00000000","32.56492000"
1752708000000,"118420.01000000","118592.21000000","118420.00000000","118592.20000000","12.61614000"
1752708060000,"118592.21000000","118660.33000000","118589.98000000","118589.99000000","13.35431000"
1752708120000,"118589.98000000","118619.08000000","118589.98000000","118619.07000000","3.16785000"
1752708180000,"118619.08000000","118643.84000000","118619.07000000","118623.64000000","4.53882000"
1752708240000,"118623.63000000","118666.96000000","118623.63000000","118624.62000000","13.71414000"
1752708300000,"118624.62000000","118624.62000000","118600.00000000","118600.01000000","4.29035000"
1752708360000,"118600.00000000","118631.98000000","118600.00000000","118631.97000000","5.08606000"
1752708420000,"118631.98000000","118643.02000000","118631.97000000","118634.59000000","2.57222000"
1752708480000,"118634.59000000","118643.01000000","118634.58000000","118643.01000000","6.55521000"
1752708540000,"118643.01000000","118650.44000000","118643.01000000","118650.44000000","4.39731000"
1752708600000,"118650.44000000","118650.44000000","118633.94000000","118633.94000000","3.05242000"
1752708660000,"118633.94000000","118641.07000000","118613.26000000","118641.06000000","5.79810000"
1752708720000,"118641.07000000","118641.07000000","118628.33000000","118629.64000000","1.07579000"
1752708780000,"118629.64000000","118629.64000000","118623.63000000","118623.63000000","3.42627000"
1752708840000,"118623.64000000","118623.64000000","118611.10000000","118622.00000000","3.46861000"
1752708900000,"118622.00000000","118649.91000000","118621.99000000","118649.90000000","2.81328000"
1752708960000,"118649.91000000","118666.95000000","118649.90000000","118666.94000000","1.60012000"
1752709020000,"118666.95000000","118810.35000000","118666.94000000","118741.15000000","9.81845000"
1752709080000,"118741.16000000","118755.00000000","118706.75000000","118706.75000000","6.63646000"
1752709140000,"118706.74000000","118794.37000000","118700.01000000","118776.55000000","5.28782000"
1752709200000,"118776.55000000","118819.98000000","118770.54000000","118773.80000000","4.59279000"
1752709260000,"118773.80000000","118812.18000000","118773.00000000","118812.18000000","4.15204000"
1752709320000,"118812.18000000","118817.00000000","118789.34000000","118789.35000000","2.58912000"
1752709380000,"118789.34000000","118806.00000000","118789.34000000","118805.99000000","2.34310000"
1752709440000,"118806.00000000","118823.50000000","118805.99000000","118823.50000000","5.42399000"
1752709500000,"118823.49000000","118823.50000000","118806.00000000","118806.01000000","3.20210000"
1752709560000,"118806.01000000","118812.00000000","118806.00000000","118812.00000000","1.85699000"
1752709620000,"118811.99000000","118812.00000000","118770.23000000","118770.23000000","4.97119000"
1752709680000,"118770.23000000","118792.29000000","118770.23000000","118792.28000000","3.38285000"
1752709740000,"118792.28000000","118792.29000000","118772.55000000","118772.56000000","3.14007000"
1752709800000,"118772.56000000","118772.56000000","118680.01000000","118680.02000000","4.73345000"
1752709860000,"118680.01000000","118700.00000000","118674.03000000","118691.85000000","5.21304000"
1752709920000,"118691.95000000","118694.36000000","118660.00000000","118660.01000000","3.17168000"
1752709980000,"118660.00000000","118660.01000000","118633.38000000","118633.84000000","8.72916000"
1752710040000,"118633.84000000","118649.89000000","118577.22000000","118649.88000000","9.60501000"
1752710100000,"118649.88000000","118649.89000000","118649.88000000","118649.88000000","2.13428000"
1752710160000,"118649.89000000","118651.73000000","118649.88000000","118651.72000000","1.31075000"
1752710220000,"118651.73000000","118703.13000000","118651.72000000","118703.12000000","2.47783000"
1752710280000,"118703.12000000","118706.84000000","118690.42000000","118690.42000000","1.75630000"
1752710340000,"118690.42000000","118690.42000000","118630.43000000","118630.43000000","2.81796000"
1752710400000,"118630.44000000","118651.06000000","118630.43000000","118651.05000000","9.09526000"
1752710460000,"118651.06000000","118651.06000000","118651.05000000","118651.06000000","5.26162000"
1752710520000,"118651.05000000","118666.00000000","118620.83000000","118665.99000000","12.74106000"
1752710580000,"118665.99000000","118674.04000000","118665.99000000","118674.03000000","3.88453000"
1752710640000,"118674.04000000","118675.82000000","118666.95000000","118674.05000000","4.15843000"
1752710700000,"118674.05000000","118707.24000000","118627.18000000","118707.24000000","10.20844000"
1752710760000,"118707.24000000","118717.35000000","118680.19000000","118691.61000000","5.44323000"
1752710820000,"118691.60000000","118733.98000000","118691.60000000","118729.82000000","4.47936000"
1752710880000,"118729.83000000","118788.65000000","118717.64000000","118753.59000000","5.88739000"
1752710940000,"118753.59000000","118780.00000000","118717.64000000","118746.17000000","11.01707000"
1752711000000,"118746.18000000","118778.14000000","118746.17000000","118778.13000000","6.26679000"
1752711060000,"118778.13000000","118778.14000000","118688.07000000","118753.85000000","14.81754000"
1752711120000,"118753.85000000","118844.00000000","118753.84000000","118804.83000000","7.83823000"
1752711180000,"118804.82000000","118816.68000000","118728.14000000","118767.28000000","4.61787000"
1752711240000,"118767.29000000","118776.64000000","118767.28000000","118776.64000000","1.26488000"
1752711300000,"118776.64000000","118884.30000000","118776.64000000","118848.42000000","6.72877000"
1752711360000,"118848.42000000","118870.00000000","118840.58000000","118849.99000000","4.11973000"
1752711420000,"118849.99000000","118872.15000000","118842.06000000","118844.44000000","7.49486000"
1752711480000,"118844.43000000","118874.25000000","118844.43000000","118874.25000000","4.65630000"
1752711540000,"118874.25000000","118874.25000000","118866.00000000","118866.01000000","2.24902000"
1752711600000,"118866.01000000","118887.99000000","118866.00000000","118887.99000000","3.28525000"
1752711660000,"118887.99000000","118945.44000000","118887.99000000","118945.43000000","5.95222000"
1752711720000,"118945.44000000","118955.03000000","118936.59000000","118952.00000000","3.06741000"
1752711780000,"118951.99000000","118958.75000000","118934.95000000","118934.95000000","4.95323000"
1752711840000,"118934.95000000","118962.02000000","118934.95000000","118962.01000000","6.94869000"
1752711900000,"118962.02000000","118970.18000000","118913.31000000","118970.18000000","6.63599000"
1752711960000,"118970.18000000","118970.18000000","118919.00000000","118938.00000000","5.07885000"
1752712020000,"118938.00000000","118940.00000000","118875.83000000","118893.18000000","6.90907000"
1752712080000,"118893.19000000","118893.19000000","118844.44000000","118844.45000000","2.40106000"
1752712140000,"118844.45000000","118891.87000000","118844.44000000","118863.01000000","3.66930000"
1752712200000,"118863.02000000","118871.79000000","118823.26000000","118871.79000000","4.69001000"
1752712260000,"118871.79000000","118967.46000000","118871.78000000","118932.86000000","3.17012000"
1752712320000,"118932.86000000","118966.59000000","118913.54000000","118913.54000000","2.37021000"
1752712380000,"118913.54000000","118966.46000000","118913.54000000","118954.43000000","8.34455000"
1752712440000,"118954.44000000","118954.44000000","118942.56000000","118946.02000000","2.16810000"
1752712500000,"118946.02000000","118946.02000000","118922.88000000","118942.00000000","3.29174000"
1752712560000,"118942.00000000","118955.29000000","118941.10000000","118941.10000000","2.67746000"
1752712620000,"118941.11000000","118960.00000000","118903.37000000","118960.00000000","3.05183000"
1752712680000,"118960.00000000","118960.00000000","118924.39000000","118948.52000000","4.79095000"
1752712740000,"118948.53000000","118960.00000000","118939.88000000","118960.00000000","1.16338000"
1752712800000,"118960.00000000","118960.00000000","118959.99000000","118959.99000000","2.61459000"
1752712860000,"118960.00000000","119016.13000000","118959.99000000","119016.13000000","4.28628000"
1752712920000,"119016.13000000","119138.30000000","119016.12000000","119138.30000000","6.65916000"
1752712980000,"119138.29000000","119138.30000000","119110.01000000","119125.14000000","2.89711000"
1752713040000,"119125.14000000","119138.29000000","119125.14000000","119135.07000000","2.68107000"
1752713100000,"119135.08000000","119135.08000000","119066.42000000","119083.72000000","2.88600000"
1752713160000,"119083.73000000","119131.98000000","119083.72000000","119093.08000000","3.97178000"
1752713220000,"119093.08000000","119140.00000000","119093.08000000","119139.99000000","2.42110000"
1752713280000,"119139.99000000","119144.00000000","119139.99000000","119144.00000000","2.09420000"
1752713340000,"119144.00000000","119158.28000000","119109.76000000","119109.76000000","3.73881000"
1752713400000,"119109.76000000","119109.76000000","119019.52000000","119019.53000000","18.09210000"
1752713460000,"119019.53000000","119081.15000000","118980.00000000","119081.15000000","5.71523000"
1752713520000,"119081.16000000","119081.16000000","119009.42000000","119069.94000000","5.90177000"
1752713580000,"119069.95000000","119069.95000000","119022.82000000","119066.21000000","5.72458000"
1752713640000,"119066.22000000","119083.26000000","119041.63000000","119051.72000000","3.36929000"
1752713700000,"119051.72000000","119051.72000000","118946.02000000","118946.02000000","5.71064000"
1752713760000,"118946.03000000","118946.03000000","118925.17000000","118928.00000000","4.87746000"
1752713820000,"118928.01000000","118931.03000000","118881.80000000","118906.18000000","8.42510000"
1752713880000,"118906.18000000","118977.01000000","118894.32000000","118933.99000000","6.76292000"
1752713940000,"118934.00000000","118934.00000000","118894.33000000","118894.33000000","3.65745000"
1752714000000,"118894.33000000","118976.05000000","118888.00000000","118940.51000000","11.91328000"
1752714060000,"118940.51000000","119005.33000000","118940.50000000","119005.33000000","4.95824000"
1752714120000,"119005.33000000","119005.33000000","118912.18000000","118928.93000000","8.84144000"
1752714180000,"118928.93000000","118928.93000000","118888.00000000","118888.01000000","4.26146000"
1752714240000,"118888.00000000","118888.01000000","118888.00000000","118888.00000000","1.68644000"
1752714300000,"118888.00000000","118944.91000000","118888.00000000","118908.97000000","6.49912000"
1752714360000,"118908.98000000","119018.02000000","118908.98000000","119004.10000000","13.64395000"
1752714420000,"119004.10000000","119079.94000000","119004.10000000","119079.94000000","2.68696000"
1752714480000,"119079.94000000","119079.94000000","119048.13000000","119048.14000000","2.80193000"
1752714540000,"119048.14000000","119082.88000000","118960.25000000","118960.26000000","13.14036000"
1752714600000,"118960.26000000","119026.84000000","118951.11000000","119026.83000000","2.12034000"
1752714660000,"119026.84000000","119034.56000000","118988.27000000","118988.28000000","4.24269000"
1752714720000,"118988.28000000","119012.06000000","118985.70000000","119012.06000000","2.45663000"
1752714780000,"119012.06000000","119023.93000000","119000.06000000","119011.97000000","4.26285000"
1752714840000,"119011.97000000","119052.99000000","119004.05000000","119052.99000000","3.26856000"
1752714900000,"119053.00000000","119053.00000000","118974.41000000","119004.07000000","7.58789000"
1752714960000,"119004.08000000","119023.77000000","118951.96000000","118951.97000000","6.16021000"
1752715020000,"118951.96000000","118997.54000000","118951.96000000","118968.89000000","4.05323000"
1752715080000,"118968.89000000","118976.00000000","118900.00000000","118900.00000000","5.03985000"
1752715140000,"118900.00000000","118903.92000000","118829.15000000","118829.16000000","4.61161000"
1752715200000,"118829.16000000","118840.35000000","118765.01000000","118787.56000000","6.66199000"
1752715260000,"118787.56000000","118787.57000000","118660.00000000","118660.01000000","4.48817000"
1752715320000,"118660.00000000","118660.01000000","118560.00000000","118560.00000000","15.31230000"
1752715380000,"118560.00000000","118639.19000000","118560.00000000","118639.18000000","5.89385000"
1752715440000,"118639.18000000","118651.41000000","118606.68000000","118632.03000000","6.02164000"
1752715500000,"118632.02000000","118632.02000000","118600.00000000","118603.50000000","13.83184000"
1752715560000,"118603.49000000","118668.00000000","118603.49000000","118630.88000000","8.35634000"
1752715620000,"118630.89000000","118772.55000000","118605.00000000","118772.55000000","6.30302000"
1752715680000,"118772.54000000","118811.75000000","118729.72000000","118733.15000000","12.34142000"
1752715740000,"118733.14000000","118745.26000000","118684.56000000","118684.56000000","21.73220000"
1752715800000,"118684.57000000","118716.64000000","118608.66000000","118608.67000000","12.01344000"
1752715860000,"118608.66000000","118688.83000000","118608.66000000","118643.87000000","5.90377000"
1752715920000,"118643.88000000","118655.76000000","118511.82000000","118550.84000000","18.84602000"
1752715980000,"118550.84000000","118550.84000000","118362.96000000","118400.00000000","30.96293000"
1752716040000,"118399.99000000","118407.05000000","118161.50000000","118259.99000000","55.63473000"
1752716100000,"118260.00000000","118379.99000000","118252.00000000","118263.26000000","21.90366000"
1752716160000,"118263.25000000","118303.97000000","118216.21000000","118238.04000000","18.60511000"
1752716220000,"118238.05000000","118238.05000000","118176.88000000","118182.24000000","16.54918000"
1752716280000,"118182.24000000","118207.15000000","118028.00000000","118076.79000000","23.12534000"
1752716340000,"118076.80000000","118251.02000000","118076.80000000","118247.56000000","11.08635000"
1752716400000,"118247.56000000","118276.87000000","118201.07000000","118227.98000000","12.11197000"
1752716460000,"118227.98000000","118230.73000000","118140.00000000","118140.01000000","7.84174000"
1752716520000,"118140.01000000","118230.72000000","118140.01000000","118213.78000000","13.35524000"
1752716580000,"118213.89000000","118277.94000000","118213.88000000","118238.60000000","6.55210000"
1752716640000,"118238.60000000","118277.02000000","118219.72000000","118277.02000000","3.25757000"
1752716700000,"118277.02000000","118277.02000000","118194.44000000","118211.19000000","7.07291000"
1752716760000,"118211.18000000","118253.13000000","118020.05000000","118020.05000000","24.03674000"
1752716820000,"118020.06000000","118020.06000000","117777.00000000","117777.00000000","130.86949000"
1752716880000,"117777.00000000","117807.85000000","117720.20000000","117735.99000000","41.12081000"
1752716940000,"117735.99000000","117775.73000000","117693.00000000","117763.99000000","32.18128000"
1752717000000,"117763.99000000","117924.89000000","117683.53000000","117924.89000000","30.25452000"
1752717060000,"117924.88000000","117999.97000000","117913.56000000","117951.85000000","16.14484000"
1752717120000,"117951.85000000","117986.06000000","117862.25000000","117863.85000000","9.96778000"
1752717180000,"117863.84000000","117893.86000000","117816.75000000","117838.00000000","10.09768000"
1752717240000,"117838.00000000","117919.99000000","117837.99000000","117919.98000000","20.45967000"
1752717300000,"117919.98000000","117970.10000000","117902.65000000","117932.89000000","9.16879000"
1752717360000,"117932.88000000","117980.00000000","117908.64000000","117979.99000000","7.42130000"
1752717420000,"117979.99000000","117994.61000000","117979.99000000","117994.60000000","3.58782000"
1752717480000,"117994.61000000","118000.00000000","117994.60000000","117994.61000000","6.15403000"
1752717540000,"117994.61000000","118193.97000000","117994.60000000","118149.70000000","32.86852000"
1752717600000,"118149.71000000","118149.71000000","118107.25000000","118110.84000000","29.05174000"
1752717660000,"118110.84000000","118111.33000000","118081.48000000","118101.39000000","8.35282000"
1752717720000,"118101.98000000","118101.98000000","118064.53000000","118064.53000000","6.27314000"
1752717780000,"118064.53000000","118064.54000000","118017.06000000","118063.93000000","13.04106000"
1752717840000,"118063.93000000","118148.38000000","118051.29000000","118131.77000000","12.95727000"
1752717900000,"118131.76000000","118242.64000000","118131.76000000","118227.98000000","11.86404000"
1752717960000,"118227.99000000","118267.22000000","118225.77000000","118225.77000000","21.63339000"
1752718020000,"118225.78000000","118285.71000000","118213.18000000","118213.19000000","11.65131000"
1752718080000,"118213.19000000","118297.38000000","118213.19000000","118238.61000000","22.87513000"
1752718140000,"118238.61000000","118305.00000000","118238.60000000","118269.05000000","9.27451000"
1752718200000,"118269.05000000","118305.00000000","118247.60000000","118289.09000000","9.31045000"
1752718260000,"118289.08000000","118305.00000000","118264.73000000","118299.21000000","6.79725000"
1752718320000,"118299.22000000","118412.45000000","118299.21000000","118412.44000000","17.24368000"
1752718380000,"118412.44000000","118447.62000000","118380.00000000","118380.01000000","15.14316000"
1752718440000,"118380.00000000","118397.23000000","118307.08000000","118383.66000000","30.21484000"
1752718500000,"118383.67000000","118383.67000000","118342.04000000","118342.04000000","4.54255000"
1752718560000,"118342.04000000","118342.23000000","118327.23000000","118342.23000000","3.16190000"
1752718620000,"118342.23000000","118393.70000000","118342.22000000","118386.59000000","7.69791000"
1752718680000,"118386.59000000","118426.90000000","118386.58000000","118421.83000000","3.64847000"
1752718740000,"118421.83000000","118461.53000000","118421.83000000","118461.52000000","2.54674000"
1752718800000,"118461.52000000","118523.25000000","118460.00000000","118511.40000000","11.12435000"
1752718860000,"118511.41000000","118511.41000000","118458.45000000","118458.45000000","7.71275000"
1752718920000,"118458.45000000","118494.08000000","118447.05000000","118453.99000000","12.43473000"
1752718980000,"118454.00000000","118454.00000000","118428.48000000","118428.48000000","10.38649000"
1752719040000,"118428.49000000","118458.49000000","118402.95000000","118416.48000000","10.78630000"
1752719100000,"118416.48000000","118455.56000000","118374.32000000","118455.56000000","4.51923000"
1752719160000,"118455.55000000","118482.60000000","118404.29000000","118465.12000000","13.43525000"
1752719220000,"118465.12000000","118479.67000000","118465.11000000","118479.66000000","6.41450000"
1752719280000,"118479.67000000","118479.67000000","118391.12000000","118391.13000000","8.95729000"
1752719340000,"118391.12000000","118400.00000000","118391.12000000","118399.99000000","1.98738000"
1752719400000,"118399.99000000","118405.27000000","118391.13000000","118391.13000000","10.11025000"
1752719460000,"118391.14000000","118405.26000000","118358.93000000","118405.26000000","28.76190000"
1752719520000,"118405.26000000","118466.20000000","118405.25000000","118466.20000000","3.86261000"
1752719580000,"118466.19000000","118466.20000000","118443.62000000","118443.63000000","5.53908000"
1752719640000,"118443.63000000","118461.76000000","118405.61000000","118408.37000000","7.89211000"
1752719700000,"118408.36000000","118408.36000000","118328.00000000","118389.50000000","8.64753000"
1752719760000,"118389.50000000","118389.50000000","118269.57000000","118269.57000000","12.19467000"
1752719820000,"118269.58000000","118293.16000000","118239.19000000","118293.16000000","6.36594000"
1752719880000,"118293.16000000","118341.88000000","118293.15000000","118341.88000000","4.11800000"
1752719940000,"118341.88000000","118341.88000000","118257.92000000","118257.93000000","7.92230000"
1752720000000,"118257.93000000","118278.18000000","118223.13000000","118270.59000000","7.99592000"
1752720060000,"118270.58000000","118330.58000000","118270.58000000","118330.58000000","4.17558000"
1752720120000,"118330.57000000","118347.89000000","118292.31000000","118292.31000000","5.96527000"
1752720180000,"118292.31000000","118330.78000000","118278.17000000","118330.78000000","7.68002000"
1752720240000,"118330.79000000","118330.79000000","118302.67000000","118324.00000000","20.05196000"
1752720300000,"118324.00000000","118329.73000000","118150.00000000","118150.00000000","12.08968000"
1752720360000,"118150.01000000","118250.28000000","118150.00000000","118199.59000000","16.74377000"
1752720420000,"118199.58000000","118222.41000000","118171.57000000","118171.57000000","4.49874000"
1752720480000,"118171.57000000","118171.57000000","118050.00000000","118146.24000000","36.69047000"
1752720540000,"118146.24000000","118175.18000000","118141.17000000","118141.18000000","4.48125000"
1752720600000,"118141.17000000","118214.65000000","118141.17000000","118180.00000000","6.80530000"
1752720660000,"118180.01000000","118233.78000000","118180.01000000","118207.47000000","6.77554000"
1752720720000,"118207.46000000","118227.33000000","118194.44000000","118227.33000000","3.13159000"
1752720780000,"118227.33000000","118251.20000000","118207.39000000","118251.16000000","5.13822000"
1752720840000,"118251.16000000","118287.64000000","118251.15000000","118287.64000000","3.02273000"
1752720900000,"118287.64000000","118333.70000000","118287.63000000","118333.70000000","6.56480000"
1752720960000,"118333.70000000","118368.85000000","118309.97000000","118309.98000000","7.87843000"
1752721020000,"118309.98000000","118344.08000000","118309.97000000","118313.86000000","7.39571000"
1752721080000,"118313.86000000","118313.87000000","118270.00000000","118270.01000000","4.87274000"
1752721140000,"118270.01000000","118330.58000000","118270.00000000","118330.57000000","5.43225000"
1752721200000,"118330.58000000","118356.32000000","118294.71000000","118294.72000000","5.34209000"
1752721260000,"118294.72000000","118318.94000000","118264.26000000","118264.27000000","9.27530000"
1752721320000,"118264.27000000","118264.27000000","118220.73000000","118220.74000000","3.47722000"
1752721380000,"118220.74000000","118220.74000000","118135.77000000","118159.99000000","3.04751000"
1752721440000,"118160.00000000","118229.95000000","118159.99000000","118229.95000000","15.82317000"
1752721500000,"118229.95000000","118231.25000000","118164.78000000","118184.61000000","3.50572000"
1752721560000,"118184.62000000","118184.62000000","118125.94000000","118125.94000000","7.69591000"
1752721620000,"118125.94000000","118130.71000000","118066.84000000","118130.70000000","7.31380000"
1752721680000,"118130.70000000","118219.00000000","118130.70000000","118165.96000000","6.77660000"
1752721740000,"118165.96000000","118177.77000000","118134.21000000","118139.21000000","3.91434000"
1752721800000,"118139.20000000","118154.00000000","118042.88000000","118056.60000000","6.10455000"
1752721860000,"118056.60000000","118119.00000000","118031.31000000","118031.32000000","6.73337000"
1752721920000,"118031.31000000","118031.32000000","118011.84000000","118022.27000000","4.55416000"
1752721980000,"118022.27000000","118051.06000000","118022.26000000","118044.78000000","3.65745000"
1752722040000,"118044.78000000","118044.78000000","118000.00000000","118000.01000000","7.08235000"
1752722100000,"118000.00000000","118051.34000000","118000.00000000","118051.34000000","2.34190000"
1752722160000,"118051.34000000","118051.34000000","118000.01000000","118018.69000000","7.15948000"
1752722220000,"118018.70000000","118018.70000000","117973.04000000","117975.79000000","4.81888000"
1752722280000,"117975.78000000","117975.79000000","117858.16000000","117890.24000000","19.05907000"
1752722340000,"117890.24000000","117895.03000000","117873.75000000","117877.02000000","3.99337000"
1752722400000,"117877.02000000","117965.81000000","117850.00000000","117965.81000000","6.65667000"
1752722460000,"117965.81000000","118070.78000000","117965.80000000","118024.86000000","17.27785000"
1752722520000,"118024.86000000","118024.86000000","117919.47000000","117990.99000000","17.46898000"
1752722580000,"117991.00000000","118014.55000000","117973.87000000","118014.54000000","2.95477000"
1752722640000,"118014.55000000","118044.64000000","118007.00000000","118007.01000000","6.54213000"
1752722700000,"118007.01000000","118047.19000000","117991.47000000","117991.48000000","10.38954000"
1752722760000,"117991.48000000","117991.48000000","117865.02000000","117865.02000000","10.54630000"
1752722820000,"117865.02000000","117890.58000000","117860.25000000","117872.89000000","10.48560000"
1752722880000,"117872.88000000","117917.35000000","117872.88000000","117896.00000000","10.39409000"
1752722940000,"117895.99000000","117896.01000000","117864.80000000","117874.42000000","4.08332000"
1752723000000,"117874.42000000","117965.13000000","117874.41000000","117945.35000000","9.53787000"
1752723060000,"117945.36000000","117984.54000000","117937.72000000","117940.60000000","15.82090000"
1752723120000,"117940.60000000","117940.61000000","117815.64000000","117815.65000000","7.96339000"
1752723180000,"117815.64000000","117926.98000000","117815.64000000","117926.97000000","10.15309000"
1752723240000,"117926.98000000","118018.26000000","117921.97000000","118018.25000000","14.82356000"
1752723300000,"118018.26000000","118038.91000000","117955.20000000","117967.87000000","7.01624000"
1752723360000,"117967.88000000","118038.91000000","117952.26000000","117962.69000000","7.10910000"
1752723420000,"117962.69000000","117962.70000000","117793.83000000","117802.03000000","25.43986000"
1752723480000,"117802.03000000","117834.49000000","117761.11000000","117800.02000000","11.06264000"
1752723540000,"117800.01000000","117900.00000000","117791.03000000","117897.91000000","8.63137000"
1752723600000,"117897.91000000","117905.16000000","117805.46000000","117805.46000000","10.77763000"
1752723660000,"117805.46000000","117840.00000000","117769.10000000","117840.00000000","7.15053000"
1752723720000,"117840.00000000","117877.78000000","117829.39000000","117877.78000000","5.71154000"
1752723780000,"117877.78000000","117877.78000000","117829.39000000","117844.69000000","7.64518000"
1752723840000,"117844.69000000","117890.00000000","117829.95000000","117889.99000000","7.95085000"
1752723900000,"117890.00000000","117973.88000000","117889.99000000","117973.88000000","7.58267000"
1752723960000,"117973.88000000","118054.16000000","117973.87000000","118054.15000000","11.71957000"
1752724020000,"118054.16000000","118054.16000000","118033.91000000","118033.93000000","12.68071000"
1752724080000,"118033.92000000","118043.99000000","118033.91000000","118033.92000000","2.69806000"
1752724140000,"118033.91000000","118033.92000000","118033.91000000","118033.91000000","1.03290000"
1752724200000,"118033.91000000","118033.92000000","117948.68000000","117948.68000000","4.21284000"
1752724260000,"117948.69000000","118010.89000000","117942.31000000","118000.00000000","6.96882000"
1752724320000,"118000.00000000","118010.50000000","117999.99000000","118010.49000000","0.90547000"
1752724380000,"118010.50000000","118010.50000000","117978.81000000","118010.49000000","4.51805000"
1752724440000,"118010.49000000","118077.32000000","118010.48000000","118077.32000000","3.58116000"
1752724500000,"118077.31000000","118092.00000000","118058.04000000","118092.00000000","2.24979000"
1752724560000,"118092.00000000","118135.85000000","118092.00000000","118135.85000000","3.10920000"
1752724620000,"118135.85000000","118140.00000000","118107.71000000","118107.71000000","4.13761000"
1752724680000,"118107.72000000","118107.72000000","118107.71000000","118107.71000000","0.92464000"
1752724740000,"118107.72000000","118128.81000000","118107.71000000","118128.80000000","0.95573000"
1752724800000,"118128.80000000","118128.80000000","118092.93000000","118092.93000000","4.26844000"
1752724860000,"118092.94000000","118092.94000000","118054.50000000","118054.50000000","3.92817000"
1752724920000,"118054.50000000","118080.38000000","118054.50000000","118080.38000000","7.61963000"
1752724980000,"118080.37000000","118080.49000000","118080.37000000","118080.48000000","10.56369000"
1752725040000,"118080.49000000","118084.34000000","118020.00000000","118020.00000000","10.19788000"
1752725100000,"118020.00000000","118020.01000000","117987.52000000","117987.53000000","15.12252000"
1752725160000,"117987.52000000","118007.33000000","117962.08000000","117991.90000000","24.08381000"
1752725220000,"117991.91000000","118020.01000000","117959.33000000","118020.00000000","5.41817000"
1752725280000,"118020.01000000","118144.00000000","118020.00000000","118144.00000000","4.29486000"
1752725340000,"118143.99000000","118183.00000000","118143.99000000","118182.99000000","5.02849000"
1752725400000,"118183.00000000","118219.50000000","118182.99000000","118219.49000000","11.47578000"
1752725460000,"118219.50000000","118249.10000000","118203.95000000","118211.98000000","17.79381000"
1752725520000,"118211.97000000","118267.31000000","118211.97000000","118267.31000000","4.12090000"
1752725580000,"118267.31000000","118291.43000000","118264.21000000","118264.22000000","8.49073000"
1752725640000,"118264.21000000","118291.43000000","118264.21000000","118266.55000000","14.29419000"
1752725700000,"118266.56000000","118266.56000000","118225.91000000","118225.92000000","3.40706000"
1752725760000,"118225.92000000","118240.00000000","118202.93000000","118220.14000000","4.52320000"
1752725820000,"118220.13000000","118256.59000000","118220.13000000","118256.58000000","2.76715000"
1752725880000,"118256.58000000","118256.59000000","118220.21000000","118223.21000000","4.88864000"
1752725940000,"118223.21000000","118241.05000000","118223.20000000","118238.05000000","2.07878000"
1752726000000,"118238.05000000","118264.23000000","118210.07000000","118249.93000000","17.03180000"
1752726060000,"118249.93000000","118320.00000000","118249.92000000","118306.08000000","6.44051000"
1752726120000,"118306.08000000","118310.16000000","118291.16000000","118291.17000000","3.95795000"
1752726180000,"118291.17000000","118300.00000000","118291.16000000","118300.00000000","2.31912000"
1752726240000,"118299.99000000","118300.00000000","118281.64000000","118281.64000000","2.95480000"
1752726300000,"118281.65000000","118281.65000000","118234.39000000","118234.40000000","2.58009000"
1752726360000,"118234.39000000","118234.40000000","118194.44000000","118194.45000000","1.84704000"
1752726420000,"118194.44000000","118223.55000000","118194.44000000","118223.54000000","4.68115000"
1752726480000,"118223.55000000","118260.00000000","118223.54000000","118260.00000000","2.52654000"
1752726540000,"118260.00000000","118281.65000000","118259.99000000","118281.64000000","1.78776000"
1752726600000,"118281.65000000","118391.79000000","118281.64000000","118368.84000000","9.52429000"
1752726660000,"118368.85000000","118428.00000000","118368.84000000","118428.00000000","5.57148000"
1752726720000,"118427.99000000","118450.00000000","118419.40000000","118419.40000000","5.31595000"
1752726780000,"118419.41000000","118428.49000000","118400.00000000","118400.00000000","10.04800000"
1752726840000,"118400.01000000","118418.89000000","118367.81000000","118368.83000000","27.04504000"
1752726900000,"118368.83000000","118374.04000000","118347.31000000","118352.23000000","2.60272000"
1752726960000,"118352.23000000","118373.88000000","118352.22000000","118373.87000000","3.61216000"
1752727020000,"118373.88000000","118393.09000000","118370.84000000","118370.84000000","6.78434000"
1752727080000,"118370.84000000","118405.15000000","118370.84000000","118405.15000000","14.96213000"
1752727140000,"118405.15000000","118436.58000000","118405.15000000","118436.58000000","5.63607000"
1752727200000,"118436.57000000","118437.00000000","118408.54000000","118408.55000000","2.56144000"
1752727260000,"118408.55000000","118408.55000000","118408.54000000","118408.54000000","0.84556000"
1752727320000,"118408.54000000","118425.99000000","118408.54000000","118425.99000000","2.57644000"
1752727380000,"118425.99000000","118425.99000000","118420.00000000","118420.00000000","2.31995000"
1752727440000,"118420.00000000","118420.00000000","118368.84000000","118368.84000000","3.08782000"
1752727500000,"118368.84000000","118380.01000000","118368.18000000","118380.01000000","4.02766000"
1752727560000,"118380.00000000","118392.91000000","118380.00000000","118386.56000000","4.40124000"
1752727620000,"118386.56000000","118386.56000000","118333.00000000","118344.00000000","6.64665000"
1752727680000,"118343.99000000","118352.92000000","118321.75000000","118352.92000000","5.28586000"
1752727740000,"118352.92000000","118352.92000000","118325.24000000","118325.25000000","1.44327000"
1752727800000,"118325.24000000","118337.01000000","118325.24000000","118337.01000000","6.72066000"
1752727860000,"118337.01000000","118383.76000000","118337.00000000","118383.75000000","7.73799000"
1752727920000,"118383.75000000","118392.91000000","118383.75000000","118392.90000000","0.76074000"
1752727980000,"118392.90000000","118412.45000000","118392.90000000","118412.45000000","3.40603000"
1752728040000,"118412.44000000","118412.45000000","118412.44000000","118412.45000000","1.92965000"
1752728100000,"118412.45000000","118447.98000000","118412.44000000","118447.97000000","6.71783000"
1752728160000,"118447.97000000","118458.35000000","118447.97000000","118458.34000000","3.12295000"
1752728220000,"118458.35000000","118480.00000000","118458.34000000","118480.00000000","15.56044000"
1752728280000,"118479.99000000","118480.00000000","118462.51000000","118472.00000000","6.49681000"
1752728340000,"118472.00000000","118485.40000000","118471.99000000","118485.40000000","2.09163000"
1752728400000,"118485.39000000","118485.40000000","118455.00000000","118455.01000000","6.78006000"
1752728460000,"118455.01000000","118455.01000000","118434.31000000","118434.31000000","1.38250000"
1752728520000,"118434.32000000","118434.32000000","118407.04000000","118407.05000000","5.69311000"
1752728580000,"118407.05000000","118411.86000000","118404.81000000","118404.82000000","3.23038000"
1752728640000,"118404.82000000","118404.82000000","118325.66000000","118325.66000000","6.97716000"
1752728700000,"118325.67000000","118325.67000000","118279.43000000","118279.43000000","5.13563000"
1752728760000,"118279.44000000","118300.00000000","118279.43000000","118299.99000000","5.09626000"
1752728820000,"118300.00000000","118331.15000000","118293.16000000","118331.15000000","3.33534000"
1752728880000,"118331.14000000","118331.15000000","118266.49000000","118266.50000000","4.12651000"
1752728940000,"118266.50000000","118272.58000000","118258.18000000","118258.18000000","8.23599000"
1752729000000,"118258.18000000","118258.19000000","118258.18000000","118258.18000000","0.97518000"
1752729060000,"118258.19000000","118270.00000000","118258.18000000","118269.99000000","2.59726000"
1752729120000,"118270.00000000","118358.80000000","118269.99000000","118358.80000000","3.00981000"
1752729180000,"118358.79000000","118358.80000000","118292.74000000","118292.74000000","7.56499000"
1752729240000,"118292.75000000","118292.75000000","118280.88000000","118285.81000000","1.94826000"
1752729300000,"118285.82000000","118365.90000000","118285.81000000","118365.90000000","9.50926000"
1752729360000,"118365.90000000","118365.90000000","118319.33000000","118319.34000000","4.16125000"
1752729420000,"118319.34000000","118329.62000000","118301.76000000","118329.61000000","3.35988000"
1752729480000,"118329.61000000","118342.25000000","118325.24000000","118342.24000000","5.24747000"
1752729540000,"118342.25000000","118357.62000000","118312.30000000","118346.56000000","5.04131000"
1752729600000,"118346.56000000","118355.94000000","118320.41000000","118320.42000000","5.33871000"
1752729660000,"118320.42000000","118368.85000000","118320.41000000","118357.91000000","8.73359000"
1752729720000,"118357.90000000","118357.91000000","118334.18000000","118340.00000000","12.11061000"
1752729780000,"118339.99000000","118348.00000000","118339.99000000","118347.99000000","1.11463000"
1752729840000,"118347.99000000","118383.47000000","118347.99000000","118383.46000000","10.61674000"
1752729900000,"118383.47000000","118405.22000000","118383.46000000","118405.22000000","3.53427000"
1752729960000,"118405.21000000","118407.05000000","118393.38000000","118393.38000000","4.10304000"
1752730020000,"118393.38000000","118393.38000000","118393.37000000","118393.38000000","3.20106000"
1752730080000,"118393.37000000","118393.39000000","118367.11000000","118385.52000000","8.29997000"
1752730140000,"118385.52000000","118407.04000000","118385.51000000","118407.03000000","3.60572000"
1752730200000,"118407.03000000","118407.04000000","118365.74000000","118365.75000000","4.99799000"
1752730260000,"118365.75000000","118424.57000000","118350.69000000","118374.55000000","16.90034000"
1752730320000,"118374.55000000","118374.56000000","118300.37000000","118310.29000000","9.39192000"
1752730380000,"118310.29000000","118310.29000000","118225.54000000","118255.38000000","9.48444000"
1752730440000,"118255.37000000","118274.99000000","118238.04000000","118268.57000000","4.49246000"
1752730500000,"118268.58000000","118287.56000000","118263.57000000","118263.58000000","11.00528000"
1752730560000,"118263.58000000","118331.00000000","118263.57000000","118331.00000000","3.28757000"
1752730620000,"118331.00000000","118331.00000000","118245.09000000","118279.99000000","9.91106000"
1752730680000,"118280.00000000","118314.90000000","118279.99000000","118296.21000000","3.02763000"
1752730740000,"118296.20000000","118296.21000000","118296.20000000","118296.21000000","2.93551000"
1752730800000,"118296.20000000","118372.00000000","118296.20000000","118362.58000000","6.15982000"
1752730860000,"118362.59000000","118362.59000000","118321.03000000","118349.40000000","4.32049000"
1752730920000,"118349.39000000","118419.89000000","118349.39000000","118419.88000000","1.62291000"
1752730980000,"118419.89000000","118544.00000000","118419.88000000","118522.33000000","17.53654000"
1752731040000,"118522.34000000","118577.22000000","118515.17000000","118566.34000000","18.62643000"
1752731100000,"118566.34000000","118566.34000000","118504.31000000","118504.31000000","1.83315000"
1752731160000,"118504.32000000","118570.86000000","118504.31000000","118570.85000000","5.42536000"
1752731220000,"118570.85000000","118613.60000000","118570.85000000","118592.78000000","6.63885000"
1752731280000,"118592.77000000","118643.59000000","118592.77000000","118593.04000000","5.19231000"
1752731340000,"118593.04000000","118636.48000000","118593.04000000","118636.47000000","4.02696000"
1752731400000,"118636.47000000","118636.48000000","118608.13000000","118608.14000000","3.29093000"
1752731460000,"118608.13000000","118608.14000000","118608.13000000","118608.14000000","1.78474000"
1752731520000,"118608.13000000","118611.89000000","118547.23000000","118611.88000000","26.62999000"
1752731580000,"118611.88000000","118611.89000000","118572.92000000","118581.45000000","4.63986000"
1752731640000,"118581.45000000","118593.83000000","118543.23000000","118543.24000000","11.25849000"
1752731700000,"118543.24000000","118569.85000000","118543.23000000","118569.84000000","4.66313000"
1752731760000,"118569.84000000","118569.85000000","118569.84000000","118569.85000000","1.46091000"
1752731820000,"118569.85000000","118598.90000000","118569.84000000","118598.89000000","4.89605000"
1752731880000,"118598.89000000","118598.90000000","118587.03000000","118587.03000000","3.99660000"
1752731940000,"118587.04000000","118587.04000000","118587.03000000","118587.03000000","1.29212000"
1752732000000,"118587.03000000","118587.04000000","118540.35000000","118540.36000000","3.64193000"
1752732060000,"118540.36000000","118583.96000000","118540.35000000","118583.96000000","9.11620000"
1752732120000,"118583.95000000","118592.88000000","118561.45000000","118592.88000000","5.34531000"
1752732180000,"118592.88000000","118679.25000000","118592.87000000","118679.24000000","16.29746000"
1752732240000,"118679.24000000","118687.00000000","118679.24000000","118687.00000000","12.03985000"
1752732300000,"118686.99000000","118687.00000000","118629.00000000","118666.00000000","8.27195000"
1752732360000,"118666.00000000","118724.72000000","118666.00000000","118711.65000000","17.38145000"
1752732420000,"118712.00000000","118751.37000000","118711.99000000","118714.12000000","20.81525000"
1752732480000,"118714.11000000","118741.36000000","118714.11000000","118741.35000000","2.71557000"
1752732540000,"118741.36000000","118741.36000000","118700.00000000","118700.00000000","7.18463000"
1752732600000,"118700.00000000","118700.01000000","118632.05000000","118632.05000000","5.72593000"
1752732660000,"118632.06000000","118632.06000000","118600.67000000","118612.51000000","10.55696000"
1752732720000,"118612.51000000","118612.52000000","118554.16000000","118554.17000000","5.82837000"
1752732780000,"118554.17000000","118554.17000000","118469.99000000","118469.99000000","3.29912000"
1752732840000,"118469.99000000","118500.00000000","118460.34000000","118500.00000000","6.77963000"
1752732900000,"118500.00000000","118511.78000000","118465.50000000","118465.51000000","15.62344000"
1752732960000,"118465.50000000","118465.51000000","118404.33000000","118459.99000000","7.65529000"
1752733020000,"118459.99000000","118460.00000000","118408.14000000","118451.99000000","5.08545000"
1752733080000,"118451.99000000","118452.00000000","118370.36000000","118376.01000000","5.47881000"
1752733140000,"118376.01000000","118394.44000000","118341.55000000","118394.43000000","6.19305000"
1752733200000,"118394.44000000","118451.99000000","118374.45000000","118404.30000000","11.31562000"
1752733260000,"118404.30000000","118553.55000000","118404.30000000","118553.55000000","13.86713000"
1752733320000,"118553.54000000","118576.28000000","118500.01000000","118516.47000000","11.33685000"
1752733380000,"118516.48000000","118588.45000000","118516.47000000","118574.00000000","15.30043000"
1752733440000,"118573.99000000","118768.99000000","118573.99000000","118768.98000000","26.06014000"
1752733500000,"118768.98000000","118772.00000000","118687.14000000","118729.98000000","11.83323000"
1752733560000,"118729.97000000","118761.64000000","118710.26000000","118761.63000000","7.91919000"
1752733620000,"118761.63000000","118772.00000000","118730.12000000","118753.89000000","20.16936000"
1752733680000,"118753.89000000","118760.00000000","118753.88000000","118760.00000000","1.53710000"
1752733740000,"118760.00000000","118772.00000000","118650.00000000","118660.67000000","26.71831000"
1752733800000,"118660.66000000","118678.94000000","118585.56000000","118602.98000000","82.90330000"
1752733860000,"118602.98000000","118637.73000000","118588.00000000","118637.72000000","9.93641000"
1752733920000,"118637.73000000","118637.73000000","118522.25000000","118522.26000000","19.13010000"
1752733980000,"118522.26000000","118643.17000000","118522.25000000","118628.97000000","21.77936000"
1752734040000,"118628.98000000","118628.98000000","118549.25000000","118549.25000000","8.20336000"
1752734100000,"118549.25000000","118549.26000000","118458.34000000","118458.35000000","11.71378000"
1752734160000,"118458.35000000","118458.35000000","118401.26000000","118401.26000000","5.62866000"
1752734220000,"118401.27000000","118436.58000000","118385.82000000","118436.58000000","10.03379000"
1752734280000,"118436.57000000","118447.36000000","118416.03000000","118416.03000000","6.32415000"
1752734340000,"118416.04000000","118427.82000000","118380.51000000","118427.33000000","9.93322000"
1752734400000,"118427.32000000","118427.33000000","118370.10000000","118373.46000000","5.10530000"
1752734460000,"118373.46000000","118373.46000000","118358.46000000","118358.47000000","1.94996000"
1752734520000,"118358.46000000","118448.03000000","118358.46000000","118448.02000000","3.23242000"
1752734580000,"118448.02000000","118448.03000000","118418.92000000","118420.24000000","4.81306000"
1752734640000,"118420.25000000","118432.00000000","118420.24000000","118421.00000000","2.54979000"
1752734700000,"118421.00000000","118446.41000000","118420.99000000","118423.81000000","4.52245000"
1752734760000,"118423.81000000","118423.81000000","118345.00000000","118376.59000000","7.52772000"
1752734820000,"118376.59000000","118430.14000000","118376.58000000","118430.13000000","3.36745000"
1752734880000,"118430.13000000","118434.14000000","118421.13000000","118434.13000000","2.27600000"
1752734940000,"118434.14000000","118450.00000000","118427.51000000","118442.42000000","10.10431000"
1752735000000,"118442.42000000","118442.43000000","118386.02000000","118386.02000000","3.00521000"
1752735060000,"118386.01000000","118437.63000000","118367.27000000","118437.63000000","2.40759000"
1752735120000,"118437.62000000","118437.63000000","118413.68000000","118420.00000000","3.48326000"
1752735180000,"118420.00000000","118437.63000000","118419.99000000","118437.62000000","1.94055000"
1752735240000,"118437.62000000","118447.76000000","118427.07000000","118447.76000000","4.06457000"
1752735300000,"118447.75000000","118447.76000000","118427.09000000","118427.09000000","4.56591000"
1752735360000,"118427.09000000","118427.10000000","118407.04000000","118407.05000000","5.69974000"
1752735420000,"118407.04000000","118413.68000000","118407.04000000","118413.68000000","2.64369000"
1752735480000,"118413.67000000","118432.37000000","118407.04000000","118432.36000000","3.72961000"
1752735540000,"118432.37000000","118455.49000000","118422.52000000","118452.51000000","9.25886000"
1752735600000,"118452.51000000","118452.51000000","118263.97000000","118263.98000000","26.55410000"
1752735660000,"118263.97000000","118274.00000000","118234.00000000","118234.01000000","9.83041000"
1752735720000,"118234.01000000","118234.01000000","118128.55000000","118196.68000000","19.03399000"
1752735780000,"118196.68000000","118196.69000000","118060.00000000","118092.23000000","54.21938000"
1752735840000,"118092.22000000","118175.94000000","118092.22000000","118175.93000000","8.61623000"
1752735900000,"118175.93000000","118198.72000000","118101.96000000","118101.97000000","7.24168000"
1752735960000,"118101.96000000","118111.41000000","118079.12000000","118079.12000000","12.20850000"
1752736020000,"118079.12000000","118085.03000000","118012.29000000","118038.02000000","16.83991000"
1752736080000,"118038.02000000","118038.02000000","117957.32000000","117995.07000000","39.54531000"
1752736140000,"117995.07000000","118009.15000000","117965.55000000","117966.59000000","6.11468000"
1752736200000,"117966.60000000","118017.17000000","117927.34000000","118017.16000000","12.95381000"
1752736260000,"118017.16000000","118051.81000000","118000.43000000","118013.68000000","6.25583000"
1752736320000,"118013.68000000","118126.44000000","118013.67000000","118117.86000000","13.21389000"
1752736380000,"118117.86000000","118117.86000000","118060.50000000","118060.50000000","8.70331000"
1752736440000,"118060.51000000","118066.24000000","118031.96000000","118066.24000000","2.41393000"
1752736500000,"118066.24000000","118103.83000000","118050.52000000","118102.70000000","4.41163000"
1752736560000,"118102.70000000","118113.44000000","118089.79000000","118089.80000000","2.95509000"
1752736620000,"118089.79000000","118113.40000000","118070.06000000","118086.92000000","7.99921000"
1752736680000,"118086.91000000","118086.91000000","118000.00000000","118000.00000000","8.12006000"
1752736740000,"118000.01000000","118010.00000000","118000.00000000","118000.00000000","21.19794000"
1752736800000,"118000.01000000","118000.01000000","117943.27000000","117943.27000000","25.69524000"
1752736860000,"117943.28000000","117943.28000000","117857.03000000","117910.61000000","14.41778000"
1752736920000,"117910.60000000","117966.54000000","117910.60000000","117965.06000000","5.36511000"
1752736980000,"117965.05000000","117994.98000000","117958.87000000","117994.97000000","10.64148000"
1752737040000,"117994.96000000","117994.97000000","117949.74000000","117984.02000000","5.01718000"
1752737100000,"117984.03000000","118035.98000000","117960.78000000","117960.78000000","10.49294000"
1752737160000,"117960.79000000","117969.98000000","117960.78000000","117960.79000000","11.65622000"
1752737220000,"117960.78000000","117970.20000000","117947.26000000","117970.20000000","6.90600000"
1752737280000,"117970.20000000","117985.55000000","117956.19000000","117985.54000000","10.39035000"
1752737340000,"117985.54000000","117985.55000000","117932.60000000","117932.73000000","12.25697000"
1752737400000,"117932.73000000","118057.31000000","117932.73000000","118057.31000000","15.28629000"
1752737460000,"118057.31000000","118141.44000000","118057.31000000","118140.38000000","10.37911000"
1752737520000,"118140.37000000","118157.57000000","118140.37000000","118157.57000000","13.10789000"
1752737580000,"118157.57000000","118177.29000000","118157.56000000","118168.49000000","15.07430000"
1752737640000,"118168.50000000","118187.07000000","118150.85000000","118150.86000000","11.74291000"
1752737700000,"118150.86000000","118199.97000000","118111.79000000","118187.99000000","9.46638000"
1752737760000,"118188.00000000","118188.00000000","118181.15000000","118181.15000000","2.00454000"
1752737820000,"118181.15000000","118187.99000000","118157.31000000","118157.31000000","9.21237000"
1752737880000,"118157.32000000","118176.74000000","118152.30000000","118176.73000000","2.98413000"
1752737940000,"118176.74000000","118237.10000000","118176.73000000","118237.10000000","12.97848000"
1752738000000,"118237.10000000","118333.28000000","118237.09000000","118325.45000000","61.46608000"
1752738060000,"118325.45000000","118486.66000000","118325.45000000","118457.80000000","17.02802000"
1752738120000,"118457.80000000","118543.24000000","118440.01000000","118514.87000000","31.79167000"
1752738180000,"118514.87000000","118534.90000000","118473.19000000","118479.24000000","6.46530000"
1752738240000,"118479.24000000","118556.45000000","118462.93000000","118548.46000000","6.98579000"
1752738300000,"118548.46000000","118548.46000000","118500.00000000","118500.00000000","6.10792000"
1752738360000,"118500.01000000","118511.09000000","118464.13000000","118511.09000000","12.27476000"
1752738420000,"118511.09000000","118530.25000000","118452.15000000","118461.30000000","4.81515000"
1752738480000,"118461.29000000","118484.79000000","118455.00000000","118477.04000000","15.66657000"
1752738540000,"118477.04000000","118477.04000000","118414.00000000","118420.45000000","5.28948000"
1752738600000,"118420.45000000","118420.45000000","118372.55000000","118380.51000000","6.52911000"
1752738660000,"118380.50000000","118410.96000000","118380.50000000","118402.06000000","5.19424000"
1752738720000,"118402.06000000","118402.06000000","118328.74000000","118328.75000000","5.06113000"
1752738780000,"118328.74000000","118388.27000000","118328.74000000","118376.95000000","2.40488000"
1752738840000,"118376.94000000","118394.64000000","118336.75000000","118336.76000000","8.52657000"
1752738900000,"118336.75000000","118339.27000000","118309.07000000","118339.26000000","4.81057000"
1752738960000,"118339.26000000","118358.68000000","118314.38000000","118358.66000000","3.61267000"
1752739020000,"118358.65000000","118379.74000000","118346.96000000","118379.73000000","12.77979000"
1752739080000,"118379.73000000","118379.73000000","118326.78000000","118326.78000000","8.28061000"
1752739140000,"118326.78000000","118332.01000000","118300.00000000","118311.75000000","4.98112000"
1752739200000,"118311.75000000","118345.42000000","118300.03000000","118311.79000000","13.13484000"
1752739260000,"118311.78000000","118329.63000000","118311.78000000","118329.63000000","2.44606000"
1752739320000,"118329.63000000","118329.63000000","118258.18000000","118258.19000000","8.92105000"
1752739380000,"118258.18000000","118258.19000000","118166.98000000","118172.00000000","9.83333000"
1752739440000,"118172.00000000","118196.64000000","118172.00000000","118183.99000000","2.97361000"
1752739500000,"118184.00000000","118184.00000000","118161.46000000","118170.00000000","8.71512000"
1752739560000,"118169.99000000","118217.46000000","118154.27000000","118217.46000000","18.11231000"
1752739620000,"118217.46000000","118217.46000000","118164.07000000","118164.08000000","4.21384000"
1752739680000,"118164.08000000","118176.72000000","118163.98000000","118163.99000000","3.46449000"
1752739740000,"118163.98000000","118176.71000000","118118.74000000","118130.25000000","3.23062000"
1752739800000,"118130.25000000","118130.26000000","118110.16000000","118110.16000000","3.46532000"
1752739860000,"118110.17000000","118176.69000000","118109.10000000","118132.84000000","10.57251000"
1752739920000,"118132.83000000","118160.00000000","118111.68000000","118111.69000000","9.22359000"
1752739980000,"118111.69000000","118123.30000000","118082.99000000","118123.30000000","2.23951000"
1752740040000,"118123.30000000","118153.74000000","118104.00000000","118133.28000000","12.76974000"
1752740100000,"118133.29000000","118153.34000000","118109.65000000","118153.34000000","7.16970000"
1752740160000,"118153.34000000","118190.46000000","118153.32000000","118190.46000000","7.22784000"
1752740220000,"118190.46000000","118212.88000000","118186.00000000","118199.72000000","5.48146000"
1752740280000,"118199.72000000","118238.05000000","118199.71000000","118238.05000000","7.27667000"
1752740340000,"118238.05000000","118257.83000000","118226.10000000","118226.10000000","4.46145000"
1752740400000,"118226.10000000","118226.11000000","118217.50000000","118217.51000000","1.32556000"
1752740460000,"118217.50000000","118257.83000000","118198.00000000","118257.83000000","2.30515000"
1752740520000,"118257.82000000","118257.83000000","118240.10000000","118240.10000000","2.04141000"
1752740580000,"118240.11000000","118240.11000000","118204.95000000","118204.96000000","1.77252000"
1752740640000,"118204.96000000","118256.65000000","118204.95000000","118205.76000000","11.72774000"
1752740700000,"118205.76000000","118230.04000000","118205.75000000","118205.75000000","4.85918000"
1752740760000,"118205.75000000","118205.75000000","118122.56000000","118184.35000000","4.82771000"
1752740820000,"118184.36000000","118198.69000000","118164.25000000","118198.68000000","7.79485000"
1752740880000,"118198.68000000","118268.28000000","118198.68000000","118251.64000000","4.75789000"
1752740940000,"118251.64000000","118263.00000000","118210.48000000","118262.99000000","3.14087000"
1752741000000,"118263.00000000","118297.50000000","118222.21000000","118271.84000000","17.20248000"
1752741060000,"118271.84000000","118358.47000000","118260.00000000","118300.00000000","34.81594000"
1752741120000,"118300.00000000","118317.49000000","118240.90000000","118240.90000000","16.24855000"
1752741180000,"118240.90000000","118320.00000000","118240.90000000","118288.45000000","13.03244000"
1752741240000,"118288.44000000","118320.18000000","118276.04000000","118307.02000000","6.42353000"
1752741300000,"118307.03000000","118318.00000000","118258.11000000","118258.11000000","9.04369000"
1752741360000,"118258.12000000","118258.12000000","118148.48000000","118148.48000000","7.60766000"
1752741420000,"118148.49000000","118231.57000000","118129.13000000","118231.57000000","7.69047000"
1752741480000,"118231.57000000","118253.52000000","118200.87000000","118253.52000000","3.06834000"
1752741540000,"118253.52000000","118318.00000000","118253.52000000","118303.87000000","5.77261000"
1752741600000,"118303.87000000","118337.08000000","118291.39000000","118337.07000000","5.10225000"
1752741660000,"118337.07000000","118358.47000000","118273.23000000","118273.23000000","6.46134000"
1752741720000,"118273.23000000","118395.05000000","118273.23000000","118395.04000000","4.12994000"
1752741780000,"118395.05000000","118420.00000000","118395.04000000","118419.99000000","7.20780000"
1752741840000,"118419.99000000","118419.99000000","118392.67000000","118392.67000000","2.85764000"
1752741900000,"118392.68000000","118424.11000000","118373.37000000","118373.37000000","6.90295000"
1752741960000,"118373.37000000","118373.99000000","118312.33000000","118312.33000000","3.72396000"
1752742020000,"118312.34000000","118371.54000000","118307.30000000","118371.54000000","3.46111000"
1752742080000,"118371.53000000","118424.28000000","118371.53000000","118424.27000000","3.57310000"
1752742140000,"118424.28000000","118424.28000000","118322.25000000","118322.26000000","4.23810000"
1752742200000,"118322.25000000","118343.87000000","118301.85000000","118319.99000000","12.90255000"
1752742260000,"118320.00000000","118337.32000000","118319.99000000","118325.25000000","5.00972000"
1752742320000,"118325.24000000","118342.76000000","118278.00000000","118341.84000000","2.88548000"
1752742380000,"118341.84000000","118348.52000000","118334.72000000","118348.51000000","6.17030000"
1752742440000,"118348.51000000","118350.00000000","118302.27000000","118302.28000000","5.20112000"
1752742500000,"118302.28000000","118326.98000000","118302.27000000","118313.14000000","2.68457000"
1752742560000,"118313.13000000","118313.14000000","118264.69000000","118264.69000000","1.51636000"
1752742620000,"118264.69000000","118264.70000000","118243.62000000","118253.20000000","7.83510000"
1752742680000,"118253.20000000","118264.11000000","118231.99000000","118264.10000000","4.04044000"
1752742740000,"118264.11000000","118344.00000000","118264.10000000","118330.93000000","10.55405000"
1752742800000,"118330.93000000","118330.95000000","118264.69000000","118264.70000000","5.62783000"
1752742860000,"118264.69000000","118319.99000000","118242.26000000","118248.06000000","6.87824000"
1752742920000,"118248.05000000","118343.93000000","118242.28000000","118339.63000000","14.06240000"
1752742980000,"118339.63000000","118440.54000000","118339.63000000","118426.47000000","11.85388000"
1752743040000,"118426.47000000","118426.48000000","118383.88000000","118407.59000000","5.83330000"
1752743100000,"118407.60000000","118439.52000000","118407.59000000","118439.50000000","6.99085000"
1752743160000,"118439.50000000","118478.09000000","118439.50000000","118478.06000000","11.91908000"
1752743220000,"118478.06000000","118499.64000000","118468.00000000","118499.63000000","6.28414000"
1752743280000,"118499.64000000","118568.86000000","118499.63000000","118568.86000000","16.24657000"
1752743340000,"118568.86000000","118607.59000000","118568.86000000","118586.83000000","9.01064000"
1752743400000,"118586.83000000","118586.84000000","118502.99000000","118502.99000000","8.80288000"
1752743460000,"118502.99000000","118571.74000000","118493.68000000","118571.73000000","27.86375000"
1752743520000,"118571.73000000","118612.19000000","118562.00000000","118611.13000000","18.88316000"
1752743580000,"118611.13000000","118611.14000000","118540.00000000","118560.39000000","10.17791000"
1752743640000,"118560.38000000","118586.76000000","118557.64000000","118557.64000000","22.18798000"
1752743700000,"118557.65000000","118602.11000000","118486.36000000","118486.37000000","13.89197000"
1752743760000,"118486.36000000","118550.00000000","118473.37000000","118550.00000000","11.10722000"
1752743820000,"118550.00000000","118600.00000000","118493.68000000","118599.99000000","19.18884000"
1752743880000,"118599.99000000","118606.94000000","118555.89000000","118590.25000000","17.60529000"
1752743940000,"118590.25000000","118631.24000000","118564.98000000","118590.19000000","19.47578000"
1752744000000,"118590.19000000","118636.52000000","118590.19000000","118636.51000000","5.54187000"
1752744060000,"118636.52000000","118788.00000000","118636.51000000","118769.91000000","20.23900000"
1752744120000,"118769.91000000","118956.00000000","118769.91000000","118911.30000000","26.71271000"
1752744180000,"118911.29000000","118918.69000000","118817.66000000","118918.68000000","17.14861000"
1752744240000,"118918.68000000","118918.68000000","118850.00000000","118864.49000000","7.87788000"
1752744300000,"118864.50000000","119025.00000000","118812.03000000","119024.99000000","47.63710000"
1752744360000,"119024.99000000","119051.46000000","118972.60000000","119030.71000000","27.92587000"
1752744420000,"119030.71000000","119030.71000000","118992.07000000","119016.44000000","10.00880000"
1752744480000,"119016.44000000","119060.48000000","118991.03000000","119055.25000000","17.04439000"
1752744540000,"119055.24000000","119160.18000000","119055.24000000","119135.92000000","17.70330000"
1752744600000,"119135.92000000","119140.00000000","119054.16000000","119125.99000000","23.40397000"
1752744660000,"119125.99000000","119192.00000000","119110.01000000","119110.02000000","13.14982000"
1752744720000,"119110.02000000","119110.02000000","118993.05000000","119019.99000000","17.49816000"
1752744780000,"119020.00000000","119022.83000000","118970.25000000","118981.56000000","8.93312000"
1752744840000,"118981.56000000","118981.57000000","118928.00000000","118928.02000000","6.40339000"
1752744900000,"118928.01000000","118928.02000000","118888.00000000","118888.01000000","6.03820000"
1752744960000,"118888.00000000","118915.09000000","118883.53000000","118915.08000000","9.33198000"
1752745020000,"118915.09000000","118999.00000000","118915.09000000","118973.35000000","8.64064000"
1752745080000,"118973.35000000","118973.35000000","118883.54000000","118883.54000000","5.41943000"
1752745140000,"118883.55000000","118945.81000000","118882.00000000","118945.81000000","7.83058000"
1752745200000,"118945.82000000","119048.88000000","118945.81000000","119048.88000000","5.85325000"
1752745260000,"119048.87000000","119048.88000000","118985.72000000","118985.72000000","2.68175000"
1752745320000,"118985.72000000","119000.01000000","118985.72000000","119000.01000000","5.62820000"
1752745380000,"119000.00000000","119066.43000000","119000.00000000","119065.89000000","6.48244000"
1752745440000,"119065.89000000","119065.89000000","118989.04000000","118989.04000000","4.36101000"
1752745500000,"118989.04000000","118989.05000000","118943.75000000","118943.75000000","10.55947000"
1752745560000,"118943.76000000","119004.80000000","118943.75000000","118957.68000000","17.08279000"
1752745620000,"118957.69000000","118992.51000000","118957.68000000","118960.00000000","3.77041000"
1752745680000,"118960.00000000","119012.95000000","118957.70000000","119003.88000000","17.42733000"
1752745740000,"119003.88000000","119003.88000000","118951.18000000","118951.18000000","5.34431000"
1752745800000,"118951.18000000","118951.19000000","118893.04000000","118937.61000000","3.70834000"
1752745860000,"118937.60000000","118985.04000000","118937.60000000","118973.14000000","7.41817000"
1752745920000,"118973.13000000","118973.14000000","118909.45000000","118909.45000000","6.23722000"
1752745980000,"118909.45000000","118909.46000000","118879.28000000","118909.46000000","7.63246000"
1752746040000,"118909.45000000","118909.46000000","118900.00000000","118900.00000000","2.61472000"
1752746100000,"118900.01000000","118900.01000000","118879.90000000","118879.91000000","3.37765000"
1752746160000,"118879.91000000","118887.04000000","118873.44000000","118887.04000000","10.82392000"
1752746220000,"118887.04000000","118887.04000000","118810.00000000","118825.93000000","16.80223000"
1752746280000,"118825.93000000","118825.93000000","118788.20000000","118788.21000000","16.78484000"
1752746340000,"118788.21000000","118788.21000000","118769.34000000","118769.34000000","11.03791000"
1752746400000,"118769.34000000","118840.22000000","118769.34000000","118820.00000000","13.40290000"
1752746460000,"118820.01000000","118869.73000000","118820.00000000","118858.24000000","4.53553000"
1752746520000,"118858.23000000","118858.23000000","118775.65000000","118783.81000000","7.15546000"
1752746580000,"118783.81000000","118799.62000000","118776.99000000","118792.04000000","8.93555000"
1752746640000,"118792.04000000","118799.62000000","118700.00000000","118700.01000000","14.63039000"
1752746700000,"118700.01000000","118700.01000000","118660.00000000","118660.00000000","3.40557000"
1752746760000,"118660.01000000","118660.01000000","118559.04000000","118575.00000000","14.94530000"
1752746820000,"118575.01000000","118696.15000000","118575.01000000","118623.63000000","11.46302000"
1752746880000,"118623.63000000","118640.00000000","118581.38000000","118604.66000000","5.66036000"
1752746940000,"118604.66000000","118674.04000000","118604.65000000","118646.13000000","13.42827000"
1752747000000,"118646.13000000","118658.20000000","118623.63000000","118630.60000000","6.74616000"
1752747060000,"118630.59000000","118630.60000000","118565.48000000","118565.48000000","1.76359000"
1752747120000,"118565.48000000","118580.97000000","118562.25000000","118580.96000000","2.82849000"
1752747180000,"118580.97000000","118630.44000000","118580.96000000","118630.44000000","6.80204000"
1752747240000,"118630.44000000","118653.37000000","118630.43000000","118632.94000000","6.26236000"
1752747300000,"118632.94000000","118649.92000000","118604.15000000","118645.42000000","4.19251000"
1752747360000,"118645.42000000","118645.42000000","118601.39000000","118601.40000000","7.50489000"
1752747420000,"118601.40000000","118645.42000000","118545.45000000","118625.13000000","13.21120000"
1752747480000,"118625.13000000","118657.29000000","118597.88000000","118599.99000000","4.78537000"
1752747540000,"118599.99000000","118658.87000000","118599.99000000","118651.42000000","4.47867000"
1752747600000,"118651.42000000","118651.43000000","118565.80000000","118565.80000000","7.37104000"
1752747660000,"118565.81000000","118630.44000000","118565.80000000","118609.08000000","6.74621000"
1752747720000,"118609.07000000","118632.87000000","118600.00000000","118600.01000000","9.09648000"
1752747780000,"118600.01000000","118600.01000000","118566.00000000","118566.01000000","6.12999000"
1752747840000,"118566.01000000","118658.87000000","118566.00000000","118632.10000000","7.30140000"
1752747900000,"118632.10000000","118632.11000000","118563.10000000","118563.10000000","3.07142000"
1752747960000,"118563.10000000","118645.12000000","118563.10000000","118645.11000000","8.24995000"
1752748020000,"118645.11000000","118645.12000000","118592.74000000","118592.74000000","4.25037000"
1752748080000,"118592.74000000","118592.75000000","118530.00000000","118554.14000000","7.99818000"
1752748140000,"118554.14000000","118579.31000000","118554.14000000","118563.30000000","2.45716000"
1752748200000,"118563.30000000","118563.30000000","118509.46000000","118509.46000000","3.79001000"
1752748260000,"118509.46000000","118537.21000000","118475.91000000","118475.91000000","5.52708000"
1752748320000,"118475.92000000","118514.79000000","118475.91000000","118514.79000000","5.32480000"
1752748380000,"118514.79000000","118514.79000000","118480.00000000","118512.40000000","3.93385000"
1752748440000,"118512.41000000","118512.41000000","118497.10000000","118497.10000000","3.78465000"
1752748500000,"118497.10000000","118497.10000000","118475.16000000","118475.17000000","5.29077000"
1752748560000,"118475.16000000","118475.17000000","118458.75000000","118458.75000000","3.83286000"
1752748620000,"118458.76000000","118508.73000000","118412.69000000","118508.72000000","11.40811000"
1752748680000,"118508.72000000","118520.56000000","118465.33000000","118491.23000000","4.39923000"
1752748740000,"118491.23000000","118491.24000000","118491.23000000","118491.24000000","2.20574000"
1752748800000,"118491.23000000","118491.23000000","118340.55000000","118340.55000000","6.60026000"
1752748860000,"118340.56000000","118449.73000000","118333.33000000","118449.73000000","7.25222000"
1752748920000,"118449.73000000","118458.35000000","118374.68000000","118374.68000000","7.65298000"
1752748980000,"118374.69000000","118374.69000000","118340.29000000","118345.00000000","2.78444000"
1752749040000,"118344.99000000","118345.00000000","118299.47000000","118299.48000000","4.44968000"
1752749100000,"118299.48000000","118340.00000000","118299.47000000","118339.99000000","5.26916000"
1752749160000,"118339.99000000","118340.00000000","118302.68000000","118302.69000000","3.13935000"
1752749220000,"118302.69000000","118333.59000000","118302.68000000","118333.58000000","5.48031000"
1752749280000,"118333.58000000","118333.58000000","118262.58000000","118262.58000000","9.00010000"
1752749340000,"118262.59000000","118308.56000000","118243.42000000","118289.66000000","8.35537000"
1752749400000,"118289.65000000","118301.49000000","118243.43000000","118243.43000000","7.79583000"
1752749460000,"118243.44000000","118243.44000000","118241.24000000","118241.25000000","2.27792000"
1752749520000,"118241.25000000","118243.44000000","118241.24000000","118241.25000000","2.78274000"
1752749580000,"118241.25000000","118256.07000000","118241.24000000","118241.25000000","5.44453000"
1752749640000,"118241.24000000","118252.77000000","118241.24000000","118252.76000000","2.68150000"
1752749700000,"118252.77000000","118293.56000000","118252.76000000","118293.55000000","6.50190000"
1752749760000,"118293.56000000","118325.25000000","118293.55000000","118312.01000000","4.97664000"
1752749820000,"118312.00000000","118439.04000000","118312.00000000","118439.04000000","11.14223000"
1752749880000,"118439.03000000","118458.76000000","118439.03000000","118448.54000000","17.47323000"
1752749940000,"118448.54000000","118448.54000000","118340.00000000","118340.01000000","13.32962000"
1752750000000,"118340.00000000","118398.82000000","118327.13000000","118355.20000000","9.63239000"
1752750060000,"118355.21000000","118355.21000000","118263.22000000","118331.30000000","8.47891000"
1752750120000,"118331.29000000","118360.00000000","118300.00000000","118300.00000000","4.74285000"
1752750180000,"118300.00000000","118300.01000000","118160.00000000","118173.99000000","23.06666000"
1752750240000,"118174.00000000","118245.27000000","118173.99000000","118231.84000000","7.59529000"
1752750300000,"118231.84000000","118243.64000000","118222.08000000","118243.64000000","5.67231000"
1752750360000,"118243.63000000","118243.64000000","118228.65000000","118242.63000000","3.23242000"
1752750420000,"118242.63000000","118311.19000000","118242.63000000","118281.64000000","3.74301000"
1752750480000,"118281.64000000","118300.00000000","118259.11000000","118280.70000000","11.31985000"
1752750540000,"118280.70000000","118280.70000000","118259.11000000","118259.12000000","3.08972000"
1752750600000,"118259.11000000","118291.08000000","118242.64000000","118291.07000000","12.74535000"
1752750660000,"118291.08000000","118300.00000000","118260.00000000","118299.99000000","10.76050000"
1752750720000,"118300.00000000","118300.00000000","118277.09000000","118278.00000000","3.00548000"
1752750780000,"118278.00000000","118278.00000000","118241.41000000","118241.42000000","4.99877000"
1752750840000,"118241.42000000","118266.71000000","118241.41000000","118241.78000000","15.39840000"
1752750900000,"118241.78000000","118296.86000000","118241.77000000","118296.85000000","6.01125000"
1752750960000,"118296.85000000","118296.85000000","118202.36000000","118202.37000000","6.95178000"
1752751020000,"118202.36000000","118248.01000000","118180.00000000","118248.01000000","8.19487000"
1752751080000,"118248.00000000","118248.01000000","118216.17000000","118216.17000000","5.57437000"
1752751140000,"118216.17000000","118238.03000000","118186.12000000","118238.02000000","5.42918000"
1752751200000,"118238.02000000","118238.03000000","118194.45000000","118194.45000000","4.56784000"
1752751260000,"118194.46000000","118218.98000000","118194.45000000","118206.28000000","3.61495000"
1752751320000,"118206.28000000","118267.79000000","118206.28000000","118267.79000000","4.31099000"
1752751380000,"118267.79000000","118267.79000000","118238.00000000","118251.81000000","8.57488000"
1752751440000,"118251.80000000","118270.74000000","118214.30000000","118235.87000000","9.88802000"
1752751500000,"118235.88000000","118253.42000000","118220.00000000","118220.01000000","7.31387000"
1752751560000,"118220.01000000","118220.01000000","118210.00000000","118217.89000000","5.22738000"
1752751620000,"118217.89000000","118217.89000000","118174.65000000","118175.98000000","8.70766000"
1752751680000,"118175.98000000","118175.99000000","118157.89000000","118157.89000000","4.73712000"
1752751740000,"118157.89000000","118173.30000000","118152.00000000","118173.29000000","4.75331000"
1752751800000,"118173.30000000","118186.91000000","118161.49000000","118161.49000000","5.47561000"
1752751860000,"118161.49000000","118180.00000000","118153.15000000","118153.16000000","10.93656000"
1752751920000,"118153.16000000","118153.16000000","118125.24000000","118125.25000000","11.51152000"
1752751980000,"118125.25000000","118156.63000000","118121.31000000","118136.01000000","8.26727000"
1752752040000,"118136.01000000","118161.19000000","118136.01000000","118151.71000000","4.85149000"
1752752100000,"118151.71000000","118151.71000000","118139.65000000","118139.66000000","2.81295000"
1752752160000,"118139.66000000","118174.31000000","118139.65000000","118174.31000000","4.62655000"
1752752220000,"118174.30000000","118213.66000000","118174.30000000","118183.09000000","11.32458000"
1752752280000,"118183.08000000","118187.14000000","118183.08000000","118187.13000000","4.47956000"
1752752340000,"118187.14000000","118187.14000000","118187.13000000","118187.14000000","2.79423000"
1752752400000,"118187.13000000","118187.13000000","118136.01000000","118136.02000000","14.59893000"
1752752460000,"118136.02000000","118141.13000000","118129.32000000","118129.33000000","4.32991000"
1752752520000,"118129.33000000","118141.12000000","118129.32000000","118141.11000000","6.02128000"
1752752580000,"118141.12000000","118141.89000000","118141.11000000","118141.89000000","3.62849000"
1752752640000,"118141.89000000","118155.20000000","118141.88000000","118148.87000000","8.62835000"
1752752700000,"118148.88000000","118159.50000000","118148.87000000","118159.50000000","4.43821000"
1752752760000,"118159.49000000","118159.50000000","118143.33000000","118143.34000000","3.40917000"
1752752820000,"118143.34000000","118143.34000000","118099.15000000","118099.15000000","18.16890000"
1752752880000,"118099.15000000","118099.15000000","118081.42000000","118095.59000000","4.65252000"
1752752940000,"118095.60000000","118099.15000000","118095.55000000","118095.55000000","5.95205000"
1752753000000,"118095.55000000","118095.56000000","118082.00000000","118082.00000000","3.01934000"
1752753060000,"118082.00000000","118097.70000000","118082.00000000","118097.70000000","4.50215000"
1752753120000,"118097.70000000","118097.70000000","118082.00000000","118082.00000000","2.32033000"
1752753180000,"118082.00000000","118097.25000000","118082.00000000","118097.25000000","2.42908000"
1752753240000,"118097.25000000","118097.25000000","118081.46000000","118085.43000000","15.36221000"
1752753300000,"118085.42000000","118085.43000000","118002.00000000","118054.05000000","18.78125000"
1752753360000,"118054.06000000","118061.20000000","118022.80000000","118022.81000000","4.72745000"
1752753420000,"118022.81000000","118022.81000000","117974.99000000","117995.99000000","67.66165000"
1752753480000,"117996.00000000","117996.00000000","117995.99000000","117996.00000000","1.07793000"
1752753540000,"117996.00000000","117996.00000000","117995.00000000","117995.00000000","6.19884000"
1752753600000,"117995.00000000","118009.45000000","117983.20000000","118009.45000000","12.37578000"
1752753660000,"118009.45000000","118009.45000000","117995.99000000","117996.00000000","4.92377000"
1752753720000,"117996.00000000","118009.45000000","117995.99000000","118009.45000000","6.10579000"
1752753780000,"118009.44000000","118092.00000000","118009.44000000","118091.99000000","50.73121000"
1752753840000,"118092.00000000","118092.00000000","118000.00000000","118000.01000000","7.57653000"
1752753900000,"118000.01000000","118000.01000000","117957.32000000","117957.33000000","5.65441000"
1752753960000,"117957.32000000","117957.33000000","117888.00000000","117901.97000000","13.72141000"
1752754020000,"117901.97000000","117901.98000000","117883.22000000","117883.22000000","9.52814000"
1752754080000,"117883.22000000","117883.23000000","117810.65000000","117816.00000000","26.70572000"
1752754140000,"117816.00000000","117816.01000000","117756.76000000","117762.07000000","25.94808000"
1752754200000,"117762.06000000","117865.93000000","117762.06000000","117838.58000000","16.54501000"
1752754260000,"117838.58000000","117891.12000000","117838.57000000","117868.21000000","11.63079000"
1752754320000,"117868.21000000","117868.22000000","117837.20000000","117837.20000000","13.34492000"
1752754380000,"117837.21000000","117865.69000000","117837.20000000","117865.68000000","7.42469000"
1752754440000,"117865.69000000","117865.69000000","117780.28000000","117817.21000000","10.18409000"
1752754500000,"117817.22000000","117820.00000000","117805.57000000","117819.99000000","6.74987000"
1752754560000,"117820.00000000","117854.12000000","117805.57000000","117854.11000000","8.10689000"
1752754620000,"117854.12000000","117854.12000000","117833.00000000","117846.26000000","18.31349000"
1752754680000,"117846.25000000","117846.26000000","117809.87000000","117810.33000000","7.70979000"
1752754740000,"117810.33000000","117816.06000000","117794.38000000","117816.06000000","15.24884000"
1752754800000,"117816.06000000","117816.06000000","117797.37000000","117797.38000000","17.73566000"
1752754860000,"117797.38000000","117797.38000000","117756.75000000","117763.63000000","10.45752000"
1752754920000,"117763.62000000","117780.76000000","117711.01000000","117711.02000000","10.63022000"
1752754980000,"117711.02000000","117711.02000000","117604.01000000","117706.36000000","86.51628000"
1752755040000,"117706.35000000","117706.36000000","117654.61000000","117654.62000000","26.84349000"
1752755100000,"117654.62000000","117700.00000000","117654.62000000","117699.99000000","10.47159000"
1752755160000,"117699.99000000","117700.00000000","117581.47000000","117581.47000000","15.83082000"
1752755220000,"117581.47000000","117581.47000000","117565.22000000","117576.06000000","11.29782000"
1752755280000,"117576.07000000","117607.34000000","117576.06000000","117576.48000000","9.86729000"
1752755340000,"117576.49000000","117576.49000000","117471.67000000","117472.17000000","66.25731000"
1752755400000,"117472.17000000","117793.78000000","117472.17000000","117699.17000000","37.45537000"
1752755460000,"117699.16000000","117716.66000000","117607.10000000","117702.94000000","23.36880000"
1752755520000,"117702.94000000","117702.94000000","117453.57000000","117598.69000000","67.41495000"
1752755580000,"117598.69000000","117728.00000000","117562.36000000","117727.43000000","24.59729000"
1752755640000,"117727.44000000","117739.44000000","117645.27000000","117682.77000000","17.16949000"
1752755700000,"117683.08000000","117750.93000000","117645.28000000","117700.01000000","13.18631000"
1752755760000,"117700.00000000","117756.76000000","117671.26000000","117756.76000000","7.93330000"
1752755820000,"117756.76000000","117771.27000000","117711.12000000","117732.32000000","10.76320000"
1752755880000,"117732.32000000","117791.08000000","117725.05000000","117785.29000000","11.66913000"
1752755940000,"117785.30000000","117796.07000000","117700.74000000","117704.16000000","26.01791000"
1752756000000,"117704.15000000","117731.26000000","117639.41000000","117731.26000000","11.25962000"
1752756060000,"117731.26000000","117836.81000000","117731.25000000","117785.58000000","18.82427000"
1752756120000,"117785.58000000","117940.00000000","117764.35000000","117876.20000000","32.09031000"
1752756180000,"117876.20000000","117938.70000000","117864.43000000","117911.65000000","12.82749000"
1752756240000,"117911.65000000","117978.86000000","117911.65000000","117977.99000000","10.54232000"
1752756300000,"117978.00000000","117978.00000000","117964.00000000","117964.01000000","11.48330000"
1752756360000,"117964.01000000","117978.00000000","117940.70000000","117977.99000000","9.25556000"
1752756420000,"117978.00000000","117978.00000000","117952.64000000","117952.64000000","6.92123000"
1752756480000,"117952.64000000","118093.57000000","117952.64000000","118092.11000000","20.18415000"
1752756540000,"118092.11000000","118183.74000000","118092.11000000","118177.61000000","21.22443000"
1752756600000,"118177.62000000","118177.62000000","118040.91000000","118051.43000000","19.50243000"
1752756660000,"118051.44000000","118051.44000000","118000.00000000","118000.01000000","4.30187000"
1752756720000,"118000.00000000","118025.46000000","117921.05000000","118025.46000000","17.59942000"
1752756780000,"118025.46000000","118057.31000000","118017.18000000","118050.50000000","12.34447000"
1752756840000,"118050.50000000","118100.00000000","118050.50000000","118050.61000000","16.53166000"
1752756900000,"118050.60000000","118058.44000000","118000.00000000","118030.12000000","7.35385000"
1752756960000,"118030.13000000","118060.98000000","118022.69000000","118022.69000000","4.27722000"
1752757020000,"118022.69000000","118022.70000000","117957.32000000","117993.30000000","6.14548000"
1752757080000,"117993.31000000","117993.31000000","117957.32000000","117957.32000000","4.55429000"
1752757140000,"117957.33000000","117989.27000000","117867.07000000","117867.08000000","10.69855000"
1752757200000,"117867.08000000","117867.08000000","117840.00000000","117840.00000000","10.22576000"
1752757260000,"117840.00000000","117957.05000000","117831.32000000","117908.21000000","9.39456000"
1752757320000,"117908.21000000","117940.16000000","117893.46000000","117915.90000000","3.17959000"
1752757380000,"117915.89000000","117975.70000000","117915.89000000","117975.69000000","9.45302000"
1752757440000,"117975.70000000","117993.31000000","117933.29000000","117954.27000000","15.12932000"
1752757500000,"117954.28000000","118018.40000000","117954.27000000","118006.15000000","11.31681000"
1752757560000,"118006.14000000","118006.15000000","117930.55000000","117930.55000000","12.18070000"
1752757620000,"117930.56000000","117943.59000000","117899.70000000","117930.56000000","3.92049000"
1752757680000,"117930.56000000","117930.56000000","117812.00000000","117812.00000000","6.35666000"
1752757740000,"117812.00000000","117812.00000000","117722.58000000","117758.81000000","17.75387000"
1752757800000,"117758.81000000","117829.17000000","117751.42000000","117793.50000000","11.71548000"
1752757860000,"117793.50000000","117828.27000000","117763.98000000","117804.89000000","10.19517000"
1752757920000,"117804.89000000","117836.95000000","117802.07000000","117836.95000000","14.03054000"
1752757980000,"117836.95000000","117856.79000000","117807.22000000","117807.22000000","12.15775000"
1752758040000,"117807.23000000","117847.98000000","117807.22000000","117847.98000000","10.74123000"
1752758100000,"117847.97000000","117847.98000000","117800.00000000","117800.01000000","11.19930000"
1752758160000,"117800.01000000","117803.39000000","117774.33000000","117779.01000000","7.10151000"
1752758220000,"117779.01000000","117779.02000000","117703.28000000","117703.28000000","4.44415000"
1752758280000,"117703.29000000","117780.00000000","117660.00000000","117780.00000000","16.02016000"
1752758340000,"117780.00000000","117780.00000000","117741.10000000","117772.87000000","5.72395000"
1752758400000,"117772.88000000","117834.20000000","117772.87000000","117834.19000000","7.37528000"
1752758460000,"117834.20000000","117846.46000000","117827.14000000","117827.15000000","12.50651000"
1752758520000,"117827.15000000","117827.15000000","117759.82000000","117764.01000000","17.72163000"
1752758580000,"117764.01000000","117822.54000000","117764.00000000","117822.53000000","9.89269000"
1752758640000,"117822.54000000","117839.57000000","117760.01000000","117760.01000000","7.02501000"
1752758700000,"117760.02000000","117810.50000000","117760.02000000","117807.36000000","4.88847000"
1752758760000,"117807.36000000","117880.18000000","117807.35000000","117880.18000000","11.23197000"
1752758820000,"117880.17000000","117922.92000000","117868.20000000","117910.01000000","15.02111000"
1752758880000,"117910.00000000","117910.01000000","117850.34000000","117850.35000000","2.81434000"
1752758940000,"117850.34000000","117906.81000000","117850.34000000","117904.00000000","12.22004000"
1752759000000,"117903.99000000","117904.00000000","117794.09000000","117811.99000000","24.46003000"
1752759060000,"117812.00000000","117875.10000000","117811.99000000","117821.10000000","9.87264000"
1752759120000,"117820.00000000","117820.00000000","117674.01000000","117674.02000000","11.18396000"
1752759180000,"117674.01000000","117710.76000000","117592.15000000","117710.75000000","23.67037000"
1752759240000,"117710.75000000","117710.76000000","117601.40000000","117631.39000000","16.10493000"
1752759300000,"117631.39000000","117880.00000000","117609.25000000","117862.31000000","13.45666000"
1752759360000,"117862.30000000","117870.70000000","117774.61000000","117774.61000000","8.71433000"
1752759420000,"117774.61000000","118022.71000000","117774.61000000","118022.71000000","20.02094000"
1752759480000,"118023.40000000","118029.70000000","117909.74000000","117925.87000000","10.80838000"
1752759540000,"117925.87000000","117989.34000000","117887.77000000","117887.77000000","29.96332000"
1752759600000,"117887.78000000","117931.86000000","117840.00000000","117840.00000000","9.88642000"
1752759660000,"117840.01000000","117957.05000000","117800.60000000","117946.36000000","12.56495000"
1752759720000,"117946.35000000","117964.88000000","117864.87000000","117871.51000000","14.82895000"
1752759780000,"117871.50000000","117916.59000000","117836.56000000","117836.56000000","17.35986000"
1752759840000,"117836.57000000","117836.57000000","117622.80000000","117640.23000000","20.78179000"
1752759900000,"117640.23000000","117660.43000000","117593.38000000","117660.42000000","24.76784000"
1752759960000,"117660.42000000","117685.31000000","117520.60000000","117668.03000000","38.15749000"
1752760020000,"117668.04000000","117691.91000000","117603.98000000","117620.21000000","17.20345000"
1752760080000,"117620.22000000","117819.79000000","117620.21000000","117819.78000000","15.42327000"
1752760140000,"117819.79000000","117926.70000000","117819.78000000","117902.00000000","16.37703000"
1752760200000,"117902.00000000","118072.00000000","117902.00000000","118072.00000000","18.27046000"
1752760260000,"118071.99000000","118126.33000000","118040.00000000","118126.32000000","20.35431000"
1752760320000,"118126.33000000","118164.85000000","118080.11000000","118122.36000000","23.45214000"
1752760380000,"118122.37000000","118275.57000000","118122.36000000","118275.56000000","21.43435000"
1752760440000,"118275.56000000","118325.25000000","118230.43000000","118247.24000000","20.21721000"
